"PMID","Cancer Type","Gene Name","Element","Cohort Size","Mutated Samples","Evidence Type","Evidence Method"
"23348506","SKCM","TERT","promoter","70","50","experimental validation","luciferase reporter assay"
"24092746","PanCancer","WDR74","promoter","88","","computational prediction","FunSeq"
"25261935","PanCancer","AC006014.1","promoter","863","4","computational prediction","custom statistic test (hotspot)"
"25261935","PanCancer","AC099552.4","promoter","863","6","computational prediction","custom statistic test (hotspot)"
"25261935","PanCancer","ADAMTS10","promoter","863","3","computational prediction","custom statistic test (hotspot)"
"25261935","PanCancer","AGAP5","promoter","863","6","computational prediction","custom statistic test (hotspot)"
"25261935","PanCancer","AGBL4","promoter","863","3","computational prediction","custom statistic test (hotspot)"
"25261935","PanCancer","AL591806.1","promoter","863","3","computational prediction","custom statistic test (hotspot)"
"25261935","PanCancer","AL603965.1","promoter","863","4","computational prediction","custom statistic test (hotspot)"
"25261935","PanCancer","ALDH3A2","promoter","863","4","computational prediction","custom statistic test (hotspot)"
"25261935","PanCancer","ALG10B","promoter","863","8","computational prediction","custom statistic test (hotspot)"
"25261935","PanCancer","ANKRD53","promoter","863","6","computational prediction","custom statistic test (hotspot)"
"25261935","PanCancer","ANXA8L2","promoter","863","4","computational prediction","custom statistic test (hotspot)"
"25261935","PanCancer","AP003733.1","promoter","863","3","computational prediction","custom statistic test (hotspot)"
"25261935","PanCancer","AP2A1","promoter","863","5","computational prediction","custom statistic test (hotspot)"
"25261935","PanCancer","AQP7","promoter","863","3","computational prediction","custom statistic test (hotspot)"
"25261935","PanCancer","ARHGEF18","promoter","863","6","computational prediction","custom statistic test (hotspot)"
"25261935","PanCancer","ARHGEF35","promoter","863","7","computational prediction","custom statistic test (hotspot)"
"25261935","PanCancer","BCL2","promoter","863","6","computational prediction","custom statistic test (hotspot)"
"25261935","PanCancer","BCL2L11","promoter","863","3","computational prediction","custom statistic test (hotspot)"
"25261935","PanCancer","BCL6","promoter","863","4","computational prediction","custom statistic test (hotspot)"
"25261935","PanCancer","BCL7A","promoter","863","3","computational prediction","custom statistic test (hotspot)"
"25261935","PanCancer","C16orf59","promoter","863","8","computational prediction","custom statistic test (hotspot)"
"25261935","PanCancer","C1orf159","promoter","863","6","computational prediction","custom statistic test (hotspot)"
"25261935","PanCancer","C2CD3","promoter","863","5","computational prediction","custom statistic test (hotspot)"
"25261935","PanCancer","C4orf27","promoter","863","3","computational prediction","custom statistic test (hotspot)"
"25261935","PanCancer","C7orf50","promoter","863","2","computational prediction","custom statistic test (hotspot)"
"25261935","PanCancer","C7orf55","promoter","863","11","computational prediction","custom statistic test (hotspot)"
"25261935","PanCancer","C8orf37","promoter","863","3","computational prediction","custom statistic test (hotspot)"
"25261935","PanCancer","C8orf44","promoter","863","7","computational prediction","custom statistic test (hotspot)"
"25261935","PanCancer","C8orf44-SGK3","promoter","863","7","computational prediction","custom statistic test (hotspot)"
"25261935","PanCancer","CABLES2","promoter","863","5","computational prediction","custom statistic test (hotspot)"
"25261935","PanCancer","CACNA1C","promoter","863","6","computational prediction","custom statistic test (hotspot)"
"25261935","PanCancer","CBWD1","promoter","863","9","computational prediction","custom statistic test (hotspot)"
"25261935","PanCancer","CCDC107","promoter","863","8","computational prediction","custom statistic test (hotspot)"
"25261935","PanCancer","CCDC144A","promoter","863","4","computational prediction","custom statistic test (hotspot)"
"25261935","PanCancer","CDC20","promoter","863","4","computational prediction","custom statistic test (hotspot)"
"25261935","PanCancer","CDH18","promoter","863","7","computational prediction","custom statistic test (hotspot)"
"25261935","PanCancer","CHMP3","promoter","863","8","computational prediction","custom statistic test (hotspot)"
"25261935","PanCancer","COL11A1","promoter","863","4","computational prediction","custom statistic test (hotspot)"
"25261935","PanCancer","CYLD","promoter","863","1","computational prediction","custom statistic test (hotspot)"
"25261935","PanCancer","CYP4F2","promoter","863","6","computational prediction","custom statistic test (hotspot)"
"25261935","PanCancer","DERL1","promoter","863","3","computational prediction","custom statistic test (hotspot)"
"25261935","PanCancer","DHX16","promoter","863","4","computational prediction","custom statistic test (hotspot)"
"25261935","PanCancer","DIAPH1","promoter","863","5","computational prediction","custom statistic test (hotspot)"
"25261935","PanCancer","DIO2","promoter","863","7","computational prediction","custom statistic test (hotspot)"
"25261935","PanCancer","DISP1","promoter","863","3","computational prediction","custom statistic test (hotspot)"
"25261935","PanCancer","DLG2","promoter","863","8","computational prediction","custom statistic test (hotspot)"
"25261935","PanCancer","DLX4","promoter","863","4","computational prediction","custom statistic test (hotspot)"
"25261935","PanCancer","DNAH12","promoter","863","2","computational prediction","custom statistic test (hotspot)"
"25261935","PanCancer","DNAJA2","promoter","863","8","computational prediction","custom statistic test (hotspot)"
"25261935","PanCancer","DPH3","promoter","863","5","computational prediction","custom statistic test (hotspot)"
"25261935","PanCancer","EEF1A1","promoter","863","4","computational prediction","custom statistic test (hotspot)"
"25261935","PanCancer","EXOSC10","promoter","863","2","computational prediction","custom statistic test (hotspot)"
"26053494","PanCancer","PLCXD1","promoter","436","","computational prediction","custom statistic test"
"25261935","PanCancer","EZH2","promoter","863","4","computational prediction","custom statistic test (hotspot)"
"25261935","PanCancer","FAM129C","promoter","863","2","computational prediction","custom statistic test (hotspot)"
"25261935","PanCancer","FAM27E2","promoter","863","2","computational prediction","custom statistic test (hotspot)"
"25261935","PanCancer","FANK1","promoter","863","3","computational prediction","custom statistic test (hotspot)"
"25261935","PanCancer","FCGR3B","promoter","863","7","computational prediction","custom statistic test (hotspot)"
"25261935","PanCancer","FKBP9","promoter","863","9","computational prediction","custom statistic test (hotspot)"
"25261935","PanCancer","FTH1","promoter","863","3","computational prediction","custom statistic test (hotspot)"
"25261935","PanCancer","GABRP","promoter","863","5","computational prediction","custom statistic test (hotspot)"
"25261935","PanCancer","GALNT13","promoter","863","6","computational prediction","custom statistic test (hotspot)"
"25261935","PanCancer","GATS","promoter","863","5","computational prediction","custom statistic test (hotspot)"
"25261935","PanCancer","GNPTAB","promoter","863","4","computational prediction","custom statistic test (hotspot)"
"25261935","PanCancer","GOLGA2","promoter","863","8","computational prediction","custom statistic test (hotspot)"
"25261935","PanCancer","GPR89A","promoter","863","5","computational prediction","custom statistic test (hotspot)"
"25261935","PanCancer","GTF2I","promoter","863","4","computational prediction","custom statistic test (hotspot)"
"25261935","PanCancer","GTF3C5","promoter","863","7","computational prediction","custom statistic test (hotspot)"
"25261935","PanCancer","HCN1","promoter","863","10","computational prediction","custom statistic test (hotspot)"
"25261935","PanCancer","HERC2","promoter","863","9","computational prediction","custom statistic test (hotspot)"
"25261935","PanCancer","HKR1","promoter","863","2","computational prediction","custom statistic test (hotspot)"
"25261935","PanCancer","IFT172","promoter","863","3","computational prediction","custom statistic test (hotspot)"
"25261935","PanCancer","IGFBP7","promoter","863","5","computational prediction","custom statistic test (hotspot)"
"25261935","PanCancer","ILF2","promoter","863","6","computational prediction","custom statistic test (hotspot)"
"25261935","PanCancer","INSR","promoter","863","2","computational prediction","custom statistic test (hotspot)"
"25261935","PanCancer","INTS4","promoter","863","6","computational prediction","custom statistic test (hotspot)"
"25261935","PanCancer","ISOC2","promoter","863","5","computational prediction","custom statistic test (hotspot)"
"25261935","PanCancer","ITPR1","promoter","863","6","computational prediction","custom statistic test (hotspot)"
"25261935","PanCancer","ITPR3","promoter","863","5","computational prediction","custom statistic test (hotspot)"
"25261935","PanCancer","KALRN","promoter","863","6","computational prediction","custom statistic test (hotspot)"
"25261935","PanCancer","KIF3A","promoter","863","4","computational prediction","custom statistic test (hotspot)"
"26053494","PanCancer","PLCXD1","promoter","436","2","gene expression association","bootstrap"
"25261935","PanCancer","KLRG1","promoter","863","4","computational prediction","custom statistic test (hotspot)"
"25261935","PanCancer","LENG9","promoter","863","5","computational prediction","custom statistic test (hotspot)"
"25261935","PanCancer","LEPROTL1","promoter","863","7","computational prediction","custom statistic test (hotspot)"
"25261935","PanCancer","LHX9","promoter","863","5","computational prediction","custom statistic test (hotspot)"
"25261935","PanCancer","LRRC4C","promoter","863","5","computational prediction","custom statistic test (hotspot)"
"25261935","PanCancer","LTV1","promoter","863","2","computational prediction","custom statistic test (hotspot)"
"25261935","PanCancer","LUC7L2","promoter","863","11","computational prediction","custom statistic test (hotspot)"
"25261935","PanCancer","MAGEA3","promoter","863","4","computational prediction","custom statistic test (hotspot)"
"25261935","PanCancer","MAP2K2","promoter","863","7","computational prediction","custom statistic test (hotspot)"
"25261935","PanCancer","MAP3K13","promoter","863","3","computational prediction","custom statistic test (hotspot)"
"25261935","PanCancer","MASTL","promoter","863","6","computational prediction","custom statistic test (hotspot)"
"25261935","PanCancer","MED16","promoter","863","8","computational prediction","custom statistic test (hotspot)"
"25261935","PanCancer","MED20","promoter","863","5","computational prediction","custom statistic test (hotspot)"
"25261935","PanCancer","MEF2C","promoter","863","8","computational prediction","custom statistic test (hotspot)"
"25261935","PanCancer","MGRN1","promoter","863","3","computational prediction","custom statistic test (hotspot)"
"25261935","PanCancer","MPND","promoter","863","3","computational prediction","custom statistic test (hotspot)"
"25261935","PanCancer","MRPS9","promoter","863","7","computational prediction","custom statistic test (hotspot)"
"25261935","PanCancer","MTRNR2L1","promoter","863","3","computational prediction","custom statistic test (hotspot)"
"25261935","PanCancer","MTRNR2L8","promoter","863","2","computational prediction","custom statistic test (hotspot)"
"25261935","PanCancer","MYNN","promoter","863","6","computational prediction","custom statistic test (hotspot)"
"25261935","PanCancer","NALCN","promoter","863","6","computational prediction","custom statistic test (hotspot)"
"25261935","PanCancer","NCF1","promoter","863","5","computational prediction","custom statistic test (hotspot)"
"25261935","PanCancer","NCOA7","promoter","863","2","computational prediction","custom statistic test (hotspot)"
"25261935","PanCancer","NEK11","promoter","863","5","computational prediction","custom statistic test (hotspot)"
"25261935","PanCancer","NOMO1","promoter","863","6","computational prediction","custom statistic test (hotspot)"
"25261935","PanCancer","NPAS3","promoter","863","7","computational prediction","custom statistic test (hotspot)"
"25261935","PanCancer","NPEPPS","promoter","863","2","computational prediction","custom statistic test (hotspot)"
"25261935","PanCancer","NXPE1","promoter","863","6","computational prediction","custom statistic test (hotspot)"
"25261935","PanCancer","OR2L2","promoter","863","6","computational prediction","custom statistic test (hotspot)"
"25261935","PanCancer","OR2W3","promoter","863","4","computational prediction","custom statistic test (hotspot)"
"25261935","PanCancer","OR9G1","promoter","863","3","computational prediction","custom statistic test (hotspot)"
"25261935","PanCancer","OTUB1","promoter","863","4","computational prediction","custom statistic test (hotspot)"
"25261935","PanCancer","OXNAD1","promoter","863","5","computational prediction","custom statistic test (hotspot)"
"25261935","PanCancer","PACS1","promoter","863","1","computational prediction","custom statistic test (hotspot)"
"25261935","PanCancer","PAPD5","promoter","863","8","computational prediction","custom statistic test (hotspot)"
"25261935","PanCancer","PES1","promoter","863","5","computational prediction","custom statistic test (hotspot)"
"25261935","PanCancer","PFN2","promoter","863","2","computational prediction","custom statistic test (hotspot)"
"25261935","PanCancer","PGR","promoter","863","6","computational prediction","custom statistic test (hotspot)"
"25261935","PanCancer","PLAGL1","promoter","863","3","computational prediction","custom statistic test (hotspot)"
"25261935","PanCancer","PLEKHS1","promoter","863","20","computational prediction","custom statistic test (hotspot)"
"25261935","PanCancer","POLR2D","promoter","863","5","computational prediction","custom statistic test (hotspot)"
"25261935","PanCancer","POU5F1B","promoter","863","1","computational prediction","custom statistic test (hotspot)"
"25261935","PanCancer","PPAPDC1A","promoter","863","7","computational prediction","custom statistic test (hotspot)"
"25261935","PanCancer","PRSS1","promoter","863","7","computational prediction","custom statistic test (hotspot)"
"25261935","PanCancer","PSG5","promoter","863","7","computational prediction","custom statistic test (hotspot)"
"25261935","PanCancer","RGPD8","promoter","863","4","computational prediction","custom statistic test (hotspot)"
"25261935","PanCancer","RGS18","promoter","863","4","computational prediction","custom statistic test (hotspot)"
"25261935","PanCancer","RNF10","promoter","863","6","computational prediction","custom statistic test (hotspot)"
"25261935","PanCancer","RNF185","promoter","863","5","computational prediction","custom statistic test (hotspot)"
"25261935","PanCancer","RP11-160N1.10","promoter","863","6","computational prediction","custom statistic test (hotspot)"
"25261935","PanCancer","RP11-181C3.1","promoter","863","6","computational prediction","custom statistic test (hotspot)"
"25261935","PanCancer","RP11-231C14.4","promoter","863","4","computational prediction","custom statistic test (hotspot)"
"25261935","PanCancer","RP11-683L23.1","promoter","863","3","computational prediction","custom statistic test (hotspot)"
"25261935","PanCancer","RP11-758M4.1","promoter","863","6","computational prediction","custom statistic test (hotspot)"
"25261935","PanCancer","RPL13A","promoter","863","8","computational prediction","custom statistic test (hotspot)"
"25261935","PanCancer","RPS27","promoter","863","7","computational prediction","custom statistic test (hotspot)"
"25261935","PanCancer","RUNDC3B","promoter","863","4","computational prediction","custom statistic test (hotspot)"
"25261935","PanCancer","SECISBP2","promoter","863","5","computational prediction","custom statistic test (hotspot)"
"25261935","PanCancer","SETDB2","promoter","863","5","computational prediction","custom statistic test (hotspot)"
"25261935","PanCancer","SLC12A2","promoter","863","6","computational prediction","custom statistic test (hotspot)"
"25261935","PanCancer","SMG1","promoter","863","5","computational prediction","custom statistic test (hotspot)"
"25261935","PanCancer","SMUG1","promoter","863","7","computational prediction","custom statistic test (hotspot)"
"25261935","PanCancer","SP2","promoter","863","6","computational prediction","custom statistic test (hotspot)"
"25261935","PanCancer","STAG3L5P","promoter","863","4","computational prediction","custom statistic test (hotspot)"
"25261935","PanCancer","STAG3L5P-PVRIG2P-PILRB","promoter","863","4","computational prediction","custom statistic test (hotspot)"
"25261935","PanCancer","SWI5","promoter","863","8","computational prediction","custom statistic test (hotspot)"
"25261935","PanCancer","TBC1D2B","promoter","863","4","computational prediction","custom statistic test (hotspot)"
"25261935","PanCancer","TCF3","promoter","863","7","computational prediction","custom statistic test (hotspot)"
"25261935","PanCancer","TCL1A","promoter","863","7","computational prediction","custom statistic test (hotspot)"
"25261935","PanCancer","TERT","promoter","863","53","computational prediction","custom statistic test (hotspot)"
"25261935","PanCancer","TMEM101","promoter","863","2","computational prediction","custom statistic test (hotspot)"
"25261935","PanCancer","TNK2","promoter","863","6","computational prediction","custom statistic test (hotspot)"
"25261935","PanCancer","TOB2","promoter","863","5","computational prediction","custom statistic test (hotspot)"
"25261935","PanCancer","TPM3","promoter","863","9","computational prediction","custom statistic test (hotspot)"
"25261935","PanCancer","TPSAB1","promoter","863","6","computational prediction","custom statistic test (hotspot)"
"25261935","PanCancer","TPSB2","promoter","863","3","computational prediction","custom statistic test (hotspot)"
"25261935","PanCancer","TPTE","promoter","863","9","computational prediction","custom statistic test (hotspot)"
"25261935","PanCancer","TRBV5-4","promoter","863","4","computational prediction","custom statistic test (hotspot)"
"25261935","PanCancer","TRMT10C","promoter","863","8","computational prediction","custom statistic test (hotspot)"
"25261935","PanCancer","TRPM4","promoter","863","6","computational prediction","custom statistic test (hotspot)"
"25261935","PanCancer","TRPV4","promoter","863","6","computational prediction","custom statistic test (hotspot)"
"25261935","PanCancer","UBALD1","promoter","863","3","computational prediction","custom statistic test (hotspot)"
"25261935","PanCancer","VCPIP1","promoter","863","7","computational prediction","custom statistic test (hotspot)"
"25261935","PanCancer","WDR74","promoter","863","17","computational prediction","custom statistic test (hotspot)"
"25261935","PanCancer","XBP1","promoter","863","1","computational prediction","custom statistic test (hotspot)"
"25261935","PanCancer","YME1L1","promoter","863","6","computational prediction","custom statistic test (hotspot)"
"25261935","PanCancer","ZDHHC14","promoter","863","3","computational prediction","custom statistic test (hotspot)"
"25261935","PanCancer","ZDHHC16","promoter","863","4","computational prediction","custom statistic test (hotspot)"
"25261935","PanCancer","ZNF28","promoter","863","4","computational prediction","custom statistic test (hotspot)"
"25261935","PanCancer","ZNF324","promoter","863","6","computational prediction","custom statistic test (hotspot)"
"25261935","PanCancer","ZNF488","promoter","863","3","computational prediction","custom statistic test (hotspot)"
"25261935","PanCancer","ZNF705G","promoter","863","5","computational prediction","custom statistic test (hotspot)"
"25261935","PanCancer","ZNF716","promoter","863","9","computational prediction","custom statistic test (hotspot)"
"25261935","PanCancer","ZNF717","promoter","863","4","computational prediction","custom statistic test (hotspot)"
"25261935","PanCancer","ZNF727","promoter","863","8","computational prediction","custom statistic test (hotspot)"
"25261935","PanCancer","ZNF799","promoter","863","4","computational prediction","custom statistic test (hotspot)"
"25261935","PanCancer","ZNF812","promoter","863","5","computational prediction","custom statistic test (hotspot)"
"25261935","PanCancer","ALG11","promoter","863","16","computational prediction","custom statistic test (regional recurrence)"
"25261935","PanCancer","C7orf55","promoter","863","17","computational prediction","custom statistic test (regional recurrence)"
"25261935","PanCancer","GOLGA2","promoter","863","13","computational prediction","custom statistic test (regional recurrence)"
"25261935","PanCancer","HERC2","promoter","863","16","computational prediction","custom statistic test (regional recurrence)"
"25261935","PanCancer","HIST2H2BF","promoter","863","13","computational prediction","custom statistic test (regional recurrence)"
"25261935","PanCancer","P2RY14","promoter","863","19","computational prediction","custom statistic test (regional recurrence)"
"25261935","PanCancer","PLEKHS1","promoter","863","23","computational prediction","custom statistic test (regional recurrence)"
"25261935","PanCancer","PSMB3","promoter","863","18","computational prediction","custom statistic test (regional recurrence)"
"25261935","PanCancer","TERT","promoter","863","56","computational prediction","custom statistic test (regional recurrence)"
"25261935","PanCancer","TPSAB1","promoter","863","18","computational prediction","custom statistic test (regional recurrence)"
"25261935","PanCancer","WDR74","promoter","863","35","computational prediction","custom statistic test (regional recurrence)"
"25261935","PanCancer","ZNF773","promoter","863","17","computational prediction","custom statistic test (regional recurrence)"
"25261935","PanCancer","ANKRD53","promoter","863","","computational prediction","custom statistic test (TFBS creation)"
"25261935","PanCancer","PCK1","promoter","863","","computational prediction","custom statistic test (TFBS creation)"
"25261935","PanCancer","PKP3","promoter","863","","computational prediction","custom statistic test (TFBS creation)"
"25261935","PanCancer","PLA2G6","promoter","863","","computational prediction","custom statistic test (TFBS creation)"
"25261935","PanCancer","PSME1","promoter","863","","computational prediction","custom statistic test (TFBS creation)"
"25261935","PanCancer","TERT","promoter","863","","computational prediction","custom statistic test (TFBS creation)"
"25261935","PanCancer","A1CF","promoter","863","","computational prediction","custom statistic test (TFBS disruption)"
"25261935","PanCancer","ABHD11","promoter","863","","computational prediction","custom statistic test (TFBS disruption)"
"25261935","PanCancer","AC007431.1","promoter","863","","computational prediction","custom statistic test (TFBS disruption)"
"25261935","PanCancer","AC023590.1","promoter","863","","computational prediction","custom statistic test (TFBS disruption)"
"25261935","PanCancer","ACMSD","promoter","863","","computational prediction","custom statistic test (TFBS disruption)"
"25261935","PanCancer","ACSM2A","promoter","863","","computational prediction","custom statistic test (TFBS disruption)"
"25261935","PanCancer","AK4","promoter","863","","computational prediction","custom statistic test (TFBS disruption)"
"25261935","PanCancer","ANKS1A","promoter","863","","computational prediction","custom statistic test (TFBS disruption)"
"25261935","PanCancer","ATP11C","promoter","863","","computational prediction","custom statistic test (TFBS disruption)"
"25261935","PanCancer","ATP13A4","promoter","863","","computational prediction","custom statistic test (TFBS disruption)"
"25261935","PanCancer","C17orf100","promoter","863","","computational prediction","custom statistic test (TFBS disruption)"
"25261935","PanCancer","C1orf186","promoter","863","","computational prediction","custom statistic test (TFBS disruption)"
"25261935","PanCancer","CFLAR","promoter","863","","computational prediction","custom statistic test (TFBS disruption)"
"25261935","PanCancer","CSDE1","promoter","863","","computational prediction","custom statistic test (TFBS disruption)"
"25261935","PanCancer","DDX3X","promoter","863","","computational prediction","custom statistic test (TFBS disruption)"
"25261935","PanCancer","DIAPH1","promoter","863","","computational prediction","custom statistic test (TFBS disruption)"
"25261935","PanCancer","DIRC1","promoter","863","","computational prediction","custom statistic test (TFBS disruption)"
"25261935","PanCancer","DNAH9","promoter","863","","computational prediction","custom statistic test (TFBS disruption)"
"25261935","PanCancer","ERLIN2","promoter","863","","computational prediction","custom statistic test (TFBS disruption)"
"25261935","PanCancer","FOXK1","promoter","863","","computational prediction","custom statistic test (TFBS disruption)"
"25261935","PanCancer","GLYCTK","promoter","863","","computational prediction","custom statistic test (TFBS disruption)"
"25261935","PanCancer","GPD2","promoter","863","","computational prediction","custom statistic test (TFBS disruption)"
"25261935","PanCancer","GTPBP4","promoter","863","","computational prediction","custom statistic test (TFBS disruption)"
"25261935","PanCancer","HBB","promoter","863","","computational prediction","custom statistic test (TFBS disruption)"
"25261935","PanCancer","HECW1","promoter","863","","computational prediction","custom statistic test (TFBS disruption)"
"25261935","PanCancer","HTR4","promoter","863","","computational prediction","custom statistic test (TFBS disruption)"
"25261935","PanCancer","KATNB1","promoter","863","","computational prediction","custom statistic test (TFBS disruption)"
"25261935","PanCancer","KIAA0922","promoter","863","","computational prediction","custom statistic test (TFBS disruption)"
"25261935","PanCancer","KIAA1109","promoter","863","","computational prediction","custom statistic test (TFBS disruption)"
"25261935","PanCancer","KIAA1324L","promoter","863","","computational prediction","custom statistic test (TFBS disruption)"
"25261935","PanCancer","KRT4","promoter","863","","computational prediction","custom statistic test (TFBS disruption)"
"25261935","PanCancer","LHX6","promoter","863","","computational prediction","custom statistic test (TFBS disruption)"
"25261935","PanCancer","LYSMD1","promoter","863","","computational prediction","custom statistic test (TFBS disruption)"
"25261935","PanCancer","MED31","promoter","863","","computational prediction","custom statistic test (TFBS disruption)"
"25261935","PanCancer","MEF2C","promoter","863","","computational prediction","custom statistic test (TFBS disruption)"
"25261935","PanCancer","MEGF8","promoter","863","","computational prediction","custom statistic test (TFBS disruption)"
"25261935","PanCancer","MGAM","promoter","863","","computational prediction","custom statistic test (TFBS disruption)"
"25261935","PanCancer","MROH5","promoter","863","","computational prediction","custom statistic test (TFBS disruption)"
"25261935","PanCancer","MROH6","promoter","863","","computational prediction","custom statistic test (TFBS disruption)"
"35389777","BRCA","SMC6 ","promoter","440","7","computational prediction","custom statistic test (test3)"
"25261935","PanCancer","MUC7","promoter","863","","computational prediction","custom statistic test (TFBS disruption)"
"25261935","PanCancer","MYL1","promoter","863","","computational prediction","custom statistic test (TFBS disruption)"
"25261935","PanCancer","NPAS2","promoter","863","","computational prediction","custom statistic test (TFBS disruption)"
"25261935","PanCancer","NYAP2","promoter","863","","computational prediction","custom statistic test (TFBS disruption)"
"25261935","PanCancer","OR4M1","promoter","863","","computational prediction","custom statistic test (TFBS disruption)"
"25261935","PanCancer","PDE2A","promoter","863","","computational prediction","custom statistic test (TFBS disruption)"
"25261935","PanCancer","PDZD2","promoter","863","","computational prediction","custom statistic test (TFBS disruption)"
"25261935","PanCancer","PLG","promoter","863","","computational prediction","custom statistic test (TFBS disruption)"
"25261935","PanCancer","POU2F3","promoter","863","","computational prediction","custom statistic test (TFBS disruption)"
"25261935","PanCancer","PTPN1","promoter","863","","computational prediction","custom statistic test (TFBS disruption)"
"25261935","PanCancer","RAP1GAP","promoter","863","","computational prediction","custom statistic test (TFBS disruption)"
"25261935","PanCancer","RAPGEF4","promoter","863","","computational prediction","custom statistic test (TFBS disruption)"
"25261935","PanCancer","RIC3","promoter","863","","computational prediction","custom statistic test (TFBS disruption)"
"35389777","BLCA","ZNF692","promoter","112","16","computational prediction","custom statistic test (test1)"
"25261935","PanCancer","RIMBP2","promoter","863","","computational prediction","custom statistic test (TFBS disruption)"
"25261935","PanCancer","SCNM1","promoter","863","","computational prediction","custom statistic test (TFBS disruption)"
"25261935","PanCancer","SDHD","promoter","863","","computational prediction","custom statistic test (TFBS disruption)"
"25261935","PanCancer","SLC6A13","promoter","863","","computational prediction","custom statistic test (TFBS disruption)"
"25261935","PanCancer","SNRNP200","promoter","863","","computational prediction","custom statistic test (TFBS disruption)"
"25261935","PanCancer","SPATA2","promoter","863","","computational prediction","custom statistic test (TFBS disruption)"
"25261935","PanCancer","TAF11","promoter","863","","computational prediction","custom statistic test (TFBS disruption)"
"25261935","PanCancer","TIMM8B","promoter","863","","computational prediction","custom statistic test (TFBS disruption)"
"25261935","PanCancer","TLN2","promoter","863","","computational prediction","custom statistic test (TFBS disruption)"
"25261935","PanCancer","TMEM64","promoter","863","","computational prediction","custom statistic test (TFBS disruption)"
"25261935","PanCancer","TRBV7-8","promoter","863","","computational prediction","custom statistic test (TFBS disruption)"
"25261935","PanCancer","UNC13A","promoter","863","","computational prediction","custom statistic test (TFBS disruption)"
"25261935","PanCancer","ZNF227","promoter","863","","computational prediction","custom statistic test (TFBS disruption)"
"25261935","PanCancer","ZNF324","promoter","863","","computational prediction","custom statistic test (TFBS disruption)"
"25261935","BLCA","PLEKHS1","promoter","8","8","gene expression association","negative binomial test"
"25261935","LGG","TERT","promoter","8","8","gene expression association","negative binomial test"
"25261935","PanCancer","PLEKHS1","promoter","12","12","gene expression association","negative binomial test"
"25261935","SKCM","SDHD","promoter","13","13","gene expression association","negative binomial test"
"25383969","PanCancer","TERT","promoter","505","","computational prediction","custom statistic test"
"25383969","PanCancer","PLEKHS1","promoter","505","","computational prediction","custom statistic test"
"25383969","PanCancer","DPH3","promoter","505","","computational prediction","custom statistic test"
"25383969","GBM","TERT","promoter","27","16","gene expression association","Wilcoxon rank-sum test"
"25383969","LGG","TERT","promoter","18","11","gene expression association","Wilcoxon rank-sum test"
"25383969","THCA","TERT","promoter","34","6","gene expression association","Wilcoxon rank-sum test"
"26304545","PanCancer","TERT","promoter","760","","computational prediction","LARVA"
"26304545","PanCancer","AGAP5","promoter","760","","computational prediction","LARVA"
"26304545","PanCancer","PROZ","promoter","760","","computational prediction","LARVA"
"26304545","PanCancer","LMO3","promoter","760","","computational prediction","LARVA"
"26304545","PanCancer","TP53","promoter","760","","computational prediction","LARVA"
"26304545","PanCancer","PRRC2B","promoter","760","","computational prediction","LARVA"
"26053494","PanCancer","TERT","promoter","436","","computational prediction","custom statistic test"
"26053494","PanCancer","PLEKHS1","promoter","436","","computational prediction","custom statistic test"
"26053494","PanCancer","C1orf159","promoter","436","","computational prediction","custom statistic test"
"27135926","BRCA","WDR74","promoter","560","","computational prediction","custom statistic test (negative binomial regression)"
"27135926","BRCA","TBC1D12","promoter","560","","computational prediction","custom statistic test (negative binomial regression)"
"27135926","BRCA","PLEKHS1","promoter","560","","computational prediction","custom statistic test (negative binomial regression)"
"27135926","BRCA","PIGY","promoter","560","","computational prediction","custom statistic test (negative binomial regression)"
"27311963","BLCA","TERT","promoter","21","11","computational prediction","OncodriveFML"
"27311963","BLCA","MACROD2","promoter","21","3","computational prediction","OncodriveFML"
"27311963","BLCA","C16orf13","promoter","21","2","computational prediction","OncodriveFML"
"27311963","GBM","TERT","promoter","27","16","computational prediction","OncodriveFML"
"27311963","KIRC","TMBIM6","promoter","29","2","computational prediction","OncodriveFML"
"27311963","LGG","QPRT","promoter","18","2","computational prediction","OncodriveFML"
"27311963","LGG","TERT","promoter","18","11","computational prediction","OncodriveFML"
"27311963","LGG","SPN","promoter","18","2","computational prediction","OncodriveFML"
"27311963","LGG","CECR6","promoter","18","3","computational prediction","OncodriveFML"
"27311963","LGG","PRSS3","promoter","18","2","computational prediction","OncodriveFML"
"27311963","PanCancer","SYF2","promoter","505","9","computational prediction","OncodriveFML"
"27311963","PanCancer","ARHGEF18","promoter","505","21","computational prediction","OncodriveFML"
"27311963","PanCancer","ALYREF","promoter","505","8","computational prediction","OncodriveFML"
"27311963","PanCancer","TERT","promoter","505","70","computational prediction","OncodriveFML"
"27311963","PanCancer","POLR2D","promoter","505","9","computational prediction","OncodriveFML"
"27311963","PanCancer","MRPS31","promoter","505","10","computational prediction","OncodriveFML"
"27311963","PanCancer","AP003733.1","promoter","505","12","computational prediction","OncodriveFML"
"27311963","PanCancer","PHYHD1","promoter","505","10","computational prediction","OncodriveFML"
"27311963","PanCancer","SLC35G2","promoter","505","5","computational prediction","OncodriveFML"
"27311963","PanCancer","RALY","promoter","505","10","computational prediction","OncodriveFML"
"27311963","PanCancer","C16orf13","promoter","505","7","computational prediction","OncodriveFML"
"27311963","PanCancer","DNAJC28","promoter","505","7","computational prediction","OncodriveFML"
"27311963","PanCancer","TOR1B","promoter","505","9","computational prediction","OncodriveFML"
"27311963","PanCancer","TRMT10C","promoter","505","13","computational prediction","OncodriveFML"
"27311963","PanCancer","FTH1","promoter","505","11","computational prediction","OncodriveFML"
"27311963","SKCM","ASXL2","promoter","38","11","computational prediction","OncodriveFML"
"27311963","SKCM","TERT","promoter","38","18","computational prediction","OncodriveFML"
"27311963","SKCM","POLR2D","promoter","38","6","computational prediction","OncodriveFML"
"27311963","SKCM","ARHGEF18","promoter","38","11","computational prediction","OncodriveFML"
"27311963","SKCM","ALYREF","promoter","38","6","computational prediction","OncodriveFML"
"27311963","SKCM","SYF2","promoter","38","5","computational prediction","OncodriveFML"
"27311963","SKCM","AP003733.1","promoter","38","9","computational prediction","OncodriveFML"
"27311963","SKCM","MRPS31","promoter","38","7","computational prediction","OncodriveFML"
"27311963","SKCM","IQGAP1","promoter","38","7","computational prediction","OncodriveFML"
"27311963","SKCM","KLHL17","promoter","38","5","computational prediction","OncodriveFML"
"27311963","SKCM","TOR1B","promoter","38","5","computational prediction","OncodriveFML"
"27311963","SKCM","FTH1","promoter","38","9","computational prediction","OncodriveFML"
"27311963","SKCM","RALY","promoter","38","6","computational prediction","OncodriveFML"
"27311963","SKCM","PPP4C","promoter","38","2","computational prediction","OncodriveFML"
"27311963","SKCM","FUBP3","promoter","38","5","computational prediction","OncodriveFML"
"27311963","SKCM","RABEPK","promoter","38","3","computational prediction","OncodriveFML"
"27311963","SKCM","ICAM3","promoter","38","2","computational prediction","OncodriveFML"
"27311963","SKCM","C4orf32","promoter","38","2","computational prediction","OncodriveFML"
"27311963","SKCM","KCTD2","promoter","38","7","computational prediction","OncodriveFML"
"27311963","SKCM","UBAC1","promoter","38","4","computational prediction","OncodriveFML"
"27311963","SKCM","ZNF165","promoter","38","4","computational prediction","OncodriveFML"
"27311963","SKCM","EGR1","promoter","38","6","computational prediction","OncodriveFML"
"27311963","SKCM","MAP2K1","promoter","38","2","computational prediction","OncodriveFML"
"27311963","SKCM","C16orf91","promoter","38","3","computational prediction","OncodriveFML"
"27311963","SKCM","ZC3H18","promoter","38","5","computational prediction","OncodriveFML"
"27311963","SKCM","RPE","promoter","38","3","computational prediction","OncodriveFML"
"27311963","SKCM","COX7C","promoter","38","4","computational prediction","OncodriveFML"
"27311963","SKCM","TPRG1L","promoter","38","3","computational prediction","OncodriveFML"
"27311963","SKCM","TIPIN","promoter","38","2","computational prediction","OncodriveFML"
"27311963","SKCM","FBXO18","promoter","38","5","computational prediction","OncodriveFML"
"27311963","SKCM","TRAPPC2L","promoter","38","4","computational prediction","OncodriveFML"
"27311963","SKCM","C11orf35","promoter","38","2","computational prediction","OncodriveFML"
"27311963","SKCM","SLC30A6","promoter","38","5","computational prediction","OncodriveFML"
"27311963","SKCM","PRRC2B","promoter","38","5","computational prediction","OncodriveFML"
"27311963","SKCM","REG1A","promoter","38","4","computational prediction","OncodriveFML"
"27311963","SKCM","PSMC3","promoter","38","6","computational prediction","OncodriveFML"
"27311963","SKCM","ZCCHC2","promoter","38","4","computational prediction","OncodriveFML"
"27311963","SKCM","CRBN","promoter","38","2","computational prediction","OncodriveFML"
"27311963","SKCM","ZNF814","promoter","38","2","computational prediction","OncodriveFML"
"27311963","SKCM","RAB14","promoter","38","3","computational prediction","OncodriveFML"
"27311963","SKCM","SLC22A11","promoter","38","3","computational prediction","OncodriveFML"
"27311963","SKCM","RNF168","promoter","38","3","computational prediction","OncodriveFML"
"27311963","SKCM","HM13","promoter","38","2","computational prediction","OncodriveFML"
"27311963","SKCM","RPL13A","promoter","38","13","computational prediction","OncodriveFML"
"27311963","SKCM","SMUG1","promoter","38","12","computational prediction","OncodriveFML"
"27311963","SKCM","URB1","promoter","38","6","computational prediction","OncodriveFML"
"27311963","SKCM","MBD6","promoter","38","4","computational prediction","OncodriveFML"
"27311963","SKCM","CDC23","promoter","38","5","computational prediction","OncodriveFML"
"27311963","SKCM","GLTSCR2","promoter","38","10","computational prediction","OncodriveFML"
"27311963","SKCM","FDXR","promoter","38","8","computational prediction","OncodriveFML"
"27311963","SKCM","YAE1D1","promoter","38","4","computational prediction","OncodriveFML"
"27311963","SKCM","MFSD10","promoter","38","7","computational prediction","OncodriveFML"
"27311963","SKCM","EPB41L3","promoter","38","5","computational prediction","OncodriveFML"
"27311963","SKCM","RPS27A","promoter","38","3","computational prediction","OncodriveFML"
"27311963","SKCM","ODF4","promoter","38","3","computational prediction","OncodriveFML"
"27311963","SKCM","MCM5","promoter","38","4","computational prediction","OncodriveFML"
"27311963","SKCM","CCK","promoter","38","6","computational prediction","OncodriveFML"
"27311963","SKCM","DDIT3","promoter","38","4","computational prediction","OncodriveFML"
"27311963","SKCM","SDF4","promoter","38","6","computational prediction","OncodriveFML"
"27311963","SKCM","RB1","promoter","38","2","computational prediction","OncodriveFML"
"27311963","SKCM","ZNF180","promoter","38","3","computational prediction","OncodriveFML"
"27311963","SKCM","ASPSCR1","promoter","38","6","computational prediction","OncodriveFML"
"27311963","SKCM","KDM1B","promoter","38","4","computational prediction","OncodriveFML"
"27311963","SKCM","WRAP73","promoter","38","3","computational prediction","OncodriveFML"
"27311963","SKCM","SLC25A17","promoter","38","5","computational prediction","OncodriveFML"
"27311963","SKCM","RANBP10","promoter","38","3","computational prediction","OncodriveFML"
"27311963","SKCM","NR5A1","promoter","38","4","computational prediction","OncodriveFML"
"27311963","SKCM","CDC20","promoter","38","7","computational prediction","OncodriveFML"
"27311963","SKCM","BCLAF1","promoter","38","5","computational prediction","OncodriveFML"
"27311963","SKCM","IFITM2","promoter","38","2","computational prediction","OncodriveFML"
"27311963","SKCM","ZNF324","promoter","38","7","computational prediction","OncodriveFML"
"27311963","SKCM","TBC1D22A","promoter","38","3","computational prediction","OncodriveFML"
"27311963","SKCM","CBX6","promoter","38","2","computational prediction","OncodriveFML"
"27311963","SKCM","CAMTA1","promoter","38","5","computational prediction","OncodriveFML"
"27311963","SKCM","B3GALT6","promoter","38","5","computational prediction","OncodriveFML"
"27311963","SKCM","EIF3G","promoter","38","3","computational prediction","OncodriveFML"
"27311963","SKCM","RPL34","promoter","38","3","computational prediction","OncodriveFML"
"27311963","SKCM","C2orf62","promoter","38","2","computational prediction","OncodriveFML"
"27311963","SKCM","MRPL20","promoter","38","3","computational prediction","OncodriveFML"
"27311963","SKCM","NFKB2","promoter","38","6","computational prediction","OncodriveFML"
"27311963","SKCM","ATAD3B","promoter","38","2","computational prediction","OncodriveFML"
"27311963","SKCM","PLCB2","promoter","38","4","computational prediction","OncodriveFML"
"27311963","SKCM","FN3KRP","promoter","38","4","computational prediction","OncodriveFML"
"27311963","SKCM","PPP2R3A","promoter","38","3","computational prediction","OncodriveFML"
"27311963","SKCM","HNRNPC","promoter","38","9","computational prediction","OncodriveFML"
"27311963","SKCM","NOC2L","promoter","38","5","computational prediction","OncodriveFML"
"27311963","SKCM","FGB","promoter","38","2","computational prediction","OncodriveFML"
"27311963","SKCM","TMEM179","promoter","38","4","computational prediction","OncodriveFML"
"27311963","SKCM","RGCC","promoter","38","2","computational prediction","OncodriveFML"
"27311963","SKCM","RRAS2","promoter","38","8","computational prediction","OncodriveFML"
"27311963","SKCM","SIK3","promoter","38","4","computational prediction","OncodriveFML"
"27311963","SKCM","RAVER1","promoter","38","2","computational prediction","OncodriveFML"
"27311963","SKCM","TMEM63A","promoter","38","5","computational prediction","OncodriveFML"
"27311963","SKCM","COQ10B","promoter","38","5","computational prediction","OncodriveFML"
"27311963","SKCM","MUSK","promoter","38","9","computational prediction","OncodriveFML"
"27311963","SKCM","ARHGEF3","promoter","38","5","computational prediction","OncodriveFML"
"27311963","SKCM","SLC35G1","promoter","38","3","computational prediction","OncodriveFML"
"27311963","SKCM","KDM5A","promoter","38","6","computational prediction","OncodriveFML"
"27311963","SKCM","UBXN7","promoter","38","2","computational prediction","OncodriveFML"
"27311963","SKCM","MORN1","promoter","38","4","computational prediction","OncodriveFML"
"27311963","SKCM","RPL18A","promoter","38","6","computational prediction","OncodriveFML"
"27311963","SKCM","MRPS14","promoter","38","2","computational prediction","OncodriveFML"
"27311963","SKCM","ONECUT2","promoter","38","4","computational prediction","OncodriveFML"
"27311963","SKCM","CNDP2","promoter","38","4","computational prediction","OncodriveFML"
"27311963","SKCM","TUBA1C","promoter","38","3","computational prediction","OncodriveFML"
"27311963","SKCM","OSBPL8","promoter","38","2","computational prediction","OncodriveFML"
"27311963","SKCM","GNG7","promoter","38","5","computational prediction","OncodriveFML"
"27311963","SKCM","SFPQ","promoter","38","3","computational prediction","OncodriveFML"
"27311963","SKCM","C14orf2","promoter","38","3","computational prediction","OncodriveFML"
"27311963","SKCM","RAB11A","promoter","38","3","computational prediction","OncodriveFML"
"27311963","SKCM","CPNE5","promoter","38","4","computational prediction","OncodriveFML"
"27311963","SKCM","DCAF15","promoter","38","2","computational prediction","OncodriveFML"
"27311963","SKCM","S100A8","promoter","38","3","computational prediction","OncodriveFML"
"27311963","THCA","TERT","promoter","34","6","computational prediction","OncodriveFML"
"27311963","CLL","ZFP36L1","promoter","28","2","computational prediction","OncodriveFML"
"27311963","CLL","CDH8","promoter","28","2","computational prediction","OncodriveFML"
"35389777","BLCA","KCTD2","promoter","112","12","computational prediction","custom statistic test (test3)"
"27311963","PanCancer","GSK3A","promoter","505","2","computational prediction","OncodriveFML"
"27311963","PanCancer","KLHL17","promoter","505","7","computational prediction","OncodriveFML"
"27311963","PanCancer","RABEPK","promoter","505","4","computational prediction","OncodriveFML"
"27311963","PanCancer","OR2F2","promoter","505","18","computational prediction","OncodriveFML"
"27311963","PanCancer","IQGAP1","promoter","505","13","computational prediction","OncodriveFML"
"27311963","LGG","SPN","promoter","18","2","gene expression association","Wilcoxon rank-sum test"
"27311963","LGG","TERT","promoter","18","11","gene expression association","Wilcoxon rank-sum test"
"27064257","LIHC","TERT","promoter","300","","computational prediction","custom statistic test"
"27064257","LIHC","MED16","promoter","300","","computational prediction","custom statistic test"
"27064257","LIHC","WDR74","promoter","300","","computational prediction","custom statistic test"
"27064257","LIHC","TRPC6","promoter","300","","computational prediction","custom statistic test"
"27064257","LIHC","FLJ41941","promoter","300","","computational prediction","custom statistic test"
"27064257","LIHC","VPS45","promoter","300","","computational prediction","custom statistic test"
"27064257","LIHC","TFPI2","promoter","300","","computational prediction","custom statistic test"
"27064257","LIHC","PRSS38","promoter","300","","computational prediction","custom statistic test"
"27064257","LIHC","TNFRSF8","promoter","300","","computational prediction","custom statistic test"
"27064257","LIHC","C22orf34","promoter","300","","computational prediction","custom statistic test"
"27064257","LIHC","TFPI2","promoter","247","12","gene expression association","Wilcoxon rank-sum test"
"27064257","LIHC","TERT","promoter","300","","experimental validation","luciferase reporter assay"
"27064257","LIHC","WDR74","promoter","300","","experimental validation","luciferase reporter assay"
"26691984","ESCA","FAM41C","promoter","141","","computational prediction","SMR"
"26691984","LUSC","ZNF566","promoter","177","","computational prediction","SMR"
"26691984","LUSC","CDH16","promoter","177","","computational prediction","SMR"
"26691984","LUSC","GSTA1","promoter","177","","computational prediction","SMR"
"26691984","SKCM","AP001465.5.1","promoter","118","","computational prediction","SMR"
"26691984","SKCM","KIAA0907","promoter","118","","computational prediction","SMR"
"26691984","SKCM","SLC30A6","promoter","118","","computational prediction","SMR"
"26691984","SKCM","YAE1D1","promoter","118","","computational prediction","SMR"
"26691984","SKCM","TMEM208","promoter","118","","computational prediction","SMR"
"26691984","SKCM","MRPS31","promoter","118","","computational prediction","SMR"
"26691984","SKCM","GLTSCR2","promoter","118","","computational prediction","SMR"
"26691984","SKCM","PHF5A","promoter","118","","computational prediction","SMR"
"26691984","SKCM","PSMB3","promoter","118","","computational prediction","SMR"
"26691984","SKCM","C12orf43","promoter","118","","computational prediction","SMR"
"26691984","SKCM","CSTF2","promoter","118","","computational prediction","SMR"
"26691984","SKCM","RPIA","promoter","118","","computational prediction","SMR"
"26691984","SKCM","CCDC94","promoter","118","","computational prediction","SMR"
"26691984","SKCM","PEF1","promoter","118","","computational prediction","SMR"
"26691984","SKCM","HIST1H2BJ","promoter","118","","computational prediction","SMR"
"26691984","SKCM","AE000659.41.1","promoter","118","","computational prediction","SMR"
"26691984","SKCM","CCDC94","promoter","118","","computational prediction","SMR"
"26691984","SKCM","RPS27","promoter","118","","computational prediction","SMR"
"26691984","SKCM","WBP1","promoter","118","","computational prediction","SMR"
"26691984","SKCM","EXOC4","promoter","118","","computational prediction","SMR"
"26691984","SKCM","C9orf114","promoter","118","","computational prediction","SMR"
"29489754","PA","TERT","promoter","105","4","computational prediction","MuSiC"
"26691984","PRAD","TRIM28","promoter","138","","computational prediction","SMR"
"26691984","SKCM","YAE1D1","promoter","118","","experimental validation","luciferase reporter assay"
"29489754","B-ALL","TERT","promoter","42","1","computational prediction","MuSiC"
"28467829","SKCM","TERT","promoter","167","115","computational prediction","OncodriveFML(v1.1)"
"28467829","SKCM","BLCAP","promoter","183","28","computational prediction","OncodriveFML(v1.1)"
"28467829","SKCM","KBTBD8","promoter","183","15","computational prediction","OncodriveFML(v1.1)"
"28467829","SKCM","ZNF778","promoter","183","15","computational prediction","OncodriveFML(v1.1)"
"28467829","SKCM","NSUN6","promoter","183","11","computational prediction","OncodriveFML(v1.1)"
"28467829","SKCM","RNF185","promoter","183","13","computational prediction","OncodriveFML(v1.1)"
"28467829","SKCM","RALY","promoter","183","51","computational prediction","OncodriveFML(v1.1)"
"28467829","SKCM","RPL29","promoter","183","16","computational prediction","OncodriveFML(v1.1)"
"28467829","SKCM","RPS27","promoter","183","32","computational prediction","OncodriveFML(v1.1)"
"28467829","SKCM","NUDT10","promoter","183","4","computational prediction","OncodriveFML(v1.1)"
"28467829","SKCM","PNPLA2","promoter","183","4","computational prediction","OncodriveFML(v1.1)"
"28467829","SKCM","CCP110","promoter","183","4","computational prediction","OncodriveFML(v1.1)"
"28467829","SKCM","UAP1","promoter","183","4","computational prediction","OncodriveFML(v1.1)"
"28467829","SKCM","UBAC2","promoter","183","11","computational prediction","OncodriveFML(v1.1)"
"28467829","SKCM","ZWINT","promoter","183","3","computational prediction","OncodriveFML(v1.1)"
"28467829","SKCM","NFKBIE","promoter","183","10","computational prediction","Fisher's exact test"
"29489754","ETMR","TERT","promoter","11","1","computational prediction","MuSiC"
"28658208","BRCA","TBC1D12","promoter","360","10","computational prediction","MutSigNC"
"28658208","BRCA","CCDC107","promoter","360","8","computational prediction","MutSigNC"
"28658208","BRCA","LEPROTL1","promoter","360","5","computational prediction","MutSigNC"
"28658208","BRCA","NEAT1","promoter","360","5","computational prediction","MutSigNC"
"28658208","BRCA","RMRP","promoter","360","8","computational prediction","MutSigNC"
"28658208","BRCA","CITED2","promoter","360","3","computational prediction","MutSigNC"
"28658208","BRCA","ZNF143","promoter","360","4","computational prediction","MutSigNC"
"28658208","BRCA","CTNNB1","promoter","360","3","computational prediction","MutSigNC"
"28658208","BRCA","ALDOA","promoter","360","4","computational prediction","MutSigNC"
"28658208","BRCA","FOXA1","promoter","360","5","computational prediction","MutSigNC"
"28658208","BRCA","NEAT1","promoter","360","5","experimental validation","luciferase reporter assay"
"28658208","BRCA","RMRP","promoter","360","8","experimental validation","luciferase reporter assay"
"28658208","BRCA","FOXA1","promoter","360","5","experimental validation","luciferase reporter assay"
"28658208","BRCA","TBC1D12","promoter","360","5","experimental validation","luciferase reporter assay"
"28658208","BRCA","ZNF143","promoter","360","5","experimental validation","luciferase reporter assay"
"28658208","BRCA","ALDOA","promoter","360","5","experimental validation","luciferase reporter assay"
"28658208","BRCA","LEPROTL1","promoter","360","5","experimental validation","luciferase reporter assay"
"28658208","BRCA","NEAT1","promoter","360","5","experimental validation","EMSA"
"28658208","BRCA","RMRP","promoter","360","8","experimental validation","EMSA"
"28658208","BRCA","FOXA1","promoter","360","5","experimental validation","EMSA"
"28362259","PanCancer","AC002472.1","promoter","505","","computational prediction","ncdDetect"
"28362259","PanCancer","AC006946.15","promoter","505","","computational prediction","ncdDetect"
"28362259","PanCancer","AC008132.1","promoter","505","","computational prediction","ncdDetect"
"28362259","PanCancer","AC040160.1","promoter","505","","computational prediction","ncdDetect"
"28362259","PanCancer","ADRB3","promoter","505","","computational prediction","ncdDetect"
"28362259","PanCancer","AKR1D1","promoter","505","","computational prediction","ncdDetect"
"28362259","PanCancer","AL645608.2","promoter","505","","computational prediction","ncdDetect"
"28362259","PanCancer","ALOX12B","promoter","505","","computational prediction","ncdDetect"
"28362259","PanCancer","ANKRD16","promoter","505","","computational prediction","ncdDetect"
"28362259","PanCancer","ANXA2","promoter","505","","computational prediction","ncdDetect"
"28362259","PanCancer","AP003733.1","promoter","505","","computational prediction","ncdDetect"
"28362259","PanCancer","AP2A1","promoter","505","","computational prediction","ncdDetect"
"28362259","PanCancer","AP3D1","promoter","505","","computational prediction","ncdDetect"
"28362259","PanCancer","AQP7","promoter","505","","computational prediction","ncdDetect"
"28362259","PanCancer","ARHGEF18","promoter","505","","computational prediction","ncdDetect"
"28362259","PanCancer","ASXL2","promoter","505","","computational prediction","ncdDetect"
"28362259","PanCancer","ATP10D","promoter","505","","computational prediction","ncdDetect"
"28362259","PanCancer","BRDT","promoter","505","","computational prediction","ncdDetect"
"28362259","PanCancer","C16orf91","promoter","505","","computational prediction","ncdDetect"
"28362259","PanCancer","C1orf185","promoter","505","","computational prediction","ncdDetect"
"28362259","PanCancer","C1orf194","promoter","505","","computational prediction","ncdDetect"
"28362259","PanCancer","C21orf119","promoter","505","","computational prediction","ncdDetect"
"28362259","PanCancer","C6orf62","promoter","505","","computational prediction","ncdDetect"
"28362259","PanCancer","C8orf44","promoter","505","","computational prediction","ncdDetect"
"28362259","PanCancer","C8orf44-SGK3","promoter","505","","computational prediction","ncdDetect"
"28362259","PanCancer","CCDC107","promoter","505","","computational prediction","ncdDetect"
"28362259","PanCancer","CCDC66","promoter","505","","computational prediction","ncdDetect"
"28362259","PanCancer","CCDC77","promoter","505","","computational prediction","ncdDetect"
"28362259","PanCancer","CCL26","promoter","505","","computational prediction","ncdDetect"
"28362259","PanCancer","CD86","promoter","505","","computational prediction","ncdDetect"
"28362259","PanCancer","CECR6","promoter","505","","computational prediction","ncdDetect"
"28362259","PanCancer","CGB2","promoter","505","","computational prediction","ncdDetect"
"28362259","PanCancer","CLDN20","promoter","505","","computational prediction","ncdDetect"
"28362259","PanCancer","CNOT3","promoter","505","","computational prediction","ncdDetect"
"28362259","PanCancer","CRELD2","promoter","505","","computational prediction","ncdDetect"
"28362259","PanCancer","DEPDC4","promoter","505","","computational prediction","ncdDetect"
"28362259","PanCancer","DGKI","promoter","505","","computational prediction","ncdDetect"
"28362259","PanCancer","DPH3","promoter","505","","computational prediction","ncdDetect"
"28362259","PanCancer","DPPA4","promoter","505","","computational prediction","ncdDetect"
"28362259","PanCancer","EN1","promoter","505","","computational prediction","ncdDetect"
"28362259","PanCancer","EPS8L1","promoter","505","","computational prediction","ncdDetect"
"28362259","PanCancer","FAM221B","promoter","505","","computational prediction","ncdDetect"
"28362259","PanCancer","FBXO18","promoter","505","","computational prediction","ncdDetect"
"28362259","PanCancer","FEM1A","promoter","505","","computational prediction","ncdDetect"
"28362259","PanCancer","FRG2B","promoter","505","","computational prediction","ncdDetect"
"28362259","PanCancer","FTH1","promoter","505","","computational prediction","ncdDetect"
"28362259","PanCancer","FXYD3","promoter","505","","computational prediction","ncdDetect"
"28362259","PanCancer","GFRAL","promoter","505","","computational prediction","ncdDetect"
"28362259","PanCancer","GLYAT","promoter","505","","computational prediction","ncdDetect"
"28362259","PanCancer","GNA15","promoter","505","","computational prediction","ncdDetect"
"28362259","PanCancer","GOLGA2","promoter","505","","computational prediction","ncdDetect"
"28362259","PanCancer","HAPLN1","promoter","505","","computational prediction","ncdDetect"
"28362259","PanCancer","HLA-DQA1","promoter","505","","computational prediction","ncdDetect"
"28362259","PanCancer","HLA-DRB1","promoter","505","","computational prediction","ncdDetect"
"28362259","PanCancer","HLA-DRB5","promoter","505","","computational prediction","ncdDetect"
"28362259","PanCancer","IFITM3","promoter","505","","computational prediction","ncdDetect"
"28362259","PanCancer","KATNB1","promoter","505","","computational prediction","ncdDetect"
"28362259","PanCancer","KDM5A","promoter","505","","computational prediction","ncdDetect"
"28362259","PanCancer","KLHL11","promoter","505","","computational prediction","ncdDetect"
"28362259","PanCancer","LDHAL6A","promoter","505","","computational prediction","ncdDetect"
"28362259","PanCancer","LEPR","promoter","505","","computational prediction","ncdDetect"
"28362259","PanCancer","LGSN","promoter","505","","computational prediction","ncdDetect"
"28362259","PanCancer","LRRC45","promoter","505","","computational prediction","ncdDetect"
"28362259","PanCancer","LY6K","promoter","505","","computational prediction","ncdDetect"
"28362259","PanCancer","LYPD8","promoter","505","","computational prediction","ncdDetect"
"28362259","PanCancer","MAP3K19","promoter","505","","computational prediction","ncdDetect"
"28362259","PanCancer","MED16","promoter","505","","computational prediction","ncdDetect"
"28362259","PanCancer","MUC12","promoter","505","","computational prediction","ncdDetect"
"28362259","PanCancer","MUC3A","promoter","505","","computational prediction","ncdDetect"
"28362259","PanCancer","MUC4","promoter","505","","computational prediction","ncdDetect"
"28362259","PanCancer","MYT1L","promoter","505","","computational prediction","ncdDetect"
"28362259","PanCancer","NCOR1","promoter","505","","computational prediction","ncdDetect"
"28362259","PanCancer","NME8","promoter","505","","computational prediction","ncdDetect"
"28362259","PanCancer","NUMB","promoter","505","","computational prediction","ncdDetect"
"28362259","PanCancer","OR1L1","promoter","505","","computational prediction","ncdDetect"
"28362259","PanCancer","OR1M1","promoter","505","","computational prediction","ncdDetect"
"28362259","PanCancer","OR4C5","promoter","505","","computational prediction","ncdDetect"
"28362259","PanCancer","OR51F2","promoter","505","","computational prediction","ncdDetect"
"28362259","PanCancer","OR7G3","promoter","505","","computational prediction","ncdDetect"
"28362259","PanCancer","OR8K5","promoter","505","","computational prediction","ncdDetect"
"28362259","PanCancer","OR9K2","promoter","505","","computational prediction","ncdDetect"
"28362259","PanCancer","OXNAD1","promoter","505","","computational prediction","ncdDetect"
"28362259","PanCancer","PAAF1","promoter","505","","computational prediction","ncdDetect"
"28362259","PanCancer","PCDHGA8","promoter","505","","computational prediction","ncdDetect"
"28362259","PanCancer","PLEKHS1","promoter","505","","computational prediction","ncdDetect"
"28362259","PanCancer","PRAMEF4","promoter","505","","computational prediction","ncdDetect"
"28362259","PanCancer","PRMT5","promoter","505","","computational prediction","ncdDetect"
"28362259","PanCancer","PRSS3","promoter","505","","computational prediction","ncdDetect"
"28362259","PanCancer","RESP18","promoter","505","","computational prediction","ncdDetect"
"28362259","PanCancer","RNF185","promoter","505","","computational prediction","ncdDetect"
"28362259","PanCancer","RNF219","promoter","505","","computational prediction","ncdDetect"
"28362259","PanCancer","RP11-481A20.11","promoter","505","","computational prediction","ncdDetect"
"28362259","PanCancer","RP11-67H2.1","promoter","505","","computational prediction","ncdDetect"
"28362259","PanCancer","RPL13A","promoter","505","","computational prediction","ncdDetect"
"28362259","PanCancer","S100A7A","promoter","505","","computational prediction","ncdDetect"
"28362259","PanCancer","SCYL2","promoter","505","","computational prediction","ncdDetect"
"28362259","PanCancer","SERPINB7","promoter","505","","computational prediction","ncdDetect"
"28362259","PanCancer","SESN2","promoter","505","","computational prediction","ncdDetect"
"28362259","PanCancer","SIRPG","promoter","505","","computational prediction","ncdDetect"
"28362259","PanCancer","SLAMF1","promoter","505","","computational prediction","ncdDetect"
"28362259","PanCancer","SLC44A5","promoter","505","","computational prediction","ncdDetect"
"28362259","PanCancer","SMUG1","promoter","505","","computational prediction","ncdDetect"
"28362259","PanCancer","SNRPN","promoter","505","","computational prediction","ncdDetect"
"28362259","PanCancer","SNX16","promoter","505","","computational prediction","ncdDetect"
"28362259","PanCancer","SPATC1L","promoter","505","","computational prediction","ncdDetect"
"28362259","PanCancer","SPN","promoter","505","","computational prediction","ncdDetect"
"28362259","PanCancer","SSBP1","promoter","505","","computational prediction","ncdDetect"
"28362259","PanCancer","STRA13","promoter","505","","computational prediction","ncdDetect"
"28362259","PanCancer","TBL2","promoter","505","","computational prediction","ncdDetect"
"28362259","PanCancer","TERT","promoter","505","","computational prediction","ncdDetect"
"28362259","PanCancer","TM4SF18","promoter","505","","computational prediction","ncdDetect"
"28362259","PanCancer","TMEM160","promoter","505","","computational prediction","ncdDetect"
"28362259","PanCancer","TPSAB1","promoter","505","","computational prediction","ncdDetect"
"28362259","PanCancer","TPTE","promoter","505","","computational prediction","ncdDetect"
"28362259","PanCancer","TRAF3IP3","promoter","505","","computational prediction","ncdDetect"
"28362259","PanCancer","TRAIP","promoter","505","","computational prediction","ncdDetect"
"28362259","PanCancer","TYW1B","promoter","505","","computational prediction","ncdDetect"
"28362259","PanCancer","URB1","promoter","505","","computational prediction","ncdDetect"
"28362259","PanCancer","VCPIP1","promoter","505","","computational prediction","ncdDetect"
"28362259","PanCancer","VIPAS39","promoter","505","","computational prediction","ncdDetect"
"28362259","PanCancer","WDR74","promoter","505","","computational prediction","ncdDetect"
"28362259","PanCancer","WNT5B","promoter","505","","computational prediction","ncdDetect"
"28362259","PanCancer","ZNF324","promoter","505","","computational prediction","ncdDetect"
"28362259","PanCancer","ZNF717","promoter","505","","computational prediction","ncdDetect"
"29489754","HGG","TERT","promoter","57","2","computational prediction","MuSiC"
"29489754","MB","TERT","promoter","42","1","computational prediction","MuSiC"
"29489754","MB","TERT","promoter","60","1","computational prediction","MuSiC"
"29489754","MB","TERT","promoter","104","2","computational prediction","MuSiC"
"29489754","LAML","TERT","promoter","30","1","computational prediction","MuSiC"
"29489754","B-ALL","TERT","promoter","18","1","computational prediction","MuSiC"
"29662167","PRAD","FOXA1","promoter","92","3","computational prediction","dNdScv"
"29662167","PRAD","FOXA1","promoter","20","3","computational prediction","dNdScv"
"31078526","LGG","QPRT","promoter","18","2","computational prediction","CNCDriver"
"31078526","LGG","BTG4","promoter","18","2","computational prediction","CNCDriver"
"31078526","THCA","HSP90B1","promoter","34","1","computational prediction","CNCDriver"
"31078526","THCA","PCGF2","promoter","34","2","computational prediction","CNCDriver"
"31078526","GBM","TERT","promoter","27","16","computational prediction","CNCDriver"
"35389777","HNSC","TERT","promoter","67","8","computational prediction","custom statistic test (test1, test3)"
"31078526","GBM","KLRG1","promoter","27","2","computational prediction","CNCDriver"
"31078526","BLCA","CDKN1B","promoter","21","3","computational prediction","CNCDriver"
"31078526","BLCA","TERT","promoter","21","12","computational prediction","CNCDriver"
"31078526","BLCA","WDR74","promoter","21","4","computational prediction","CNCDriver"
"31078526","BLCA","PAXIP1","promoter","21","2","computational prediction","CNCDriver"
"31078526","RECA","SNRPB","promoter","95","1","computational prediction","CNCDriver"
"31078526","RECA","CCDC107","promoter","95","3","computational prediction","CNCDriver"
"31078526","RECA","RBFOX1","promoter","95","14","computational prediction","CNCDriver"
"31078526","BRCA","CCDC107","promoter","96","4","computational prediction","CNCDriver"
"31078526","BRCA","STAG1","promoter","96","1","computational prediction","CNCDriver"
"31078526","BRCA","XPNPEP1","promoter","96","1","computational prediction","CNCDriver"
"31078526","PRAD","NBPF10","promoter","188","38","computational prediction","CNCDriver"
"31078526","PRAD","ZNF595","promoter","188","22","computational prediction","CNCDriver"
"31078526","OV","TRIM7","promoter","93","5","computational prediction","CNCDriver"
"31078526","OV","SOX12","promoter","93","4","computational prediction","CNCDriver"
"31078526","OV","HIST4H4","promoter","93","2","computational prediction","CNCDriver"
"31078526","OV","SATB1","promoter","93","5","computational prediction","CNCDriver"
"31078526","OV","TAF5","promoter","93","3","computational prediction","CNCDriver"
"31078526","OV","ATAD2","promoter","93","2","computational prediction","CNCDriver"
"31078526","LUAD","CCDC107","promoter","46","2","computational prediction","CNCDriver"
"31078526","LUAD","RP11-181C3.1","promoter","46","2","computational prediction","CNCDriver"
"31078526","LUAD","PAN2","promoter","46","1","computational prediction","CNCDriver"
"31078526","LUAD","GABRA5","promoter","46","6","computational prediction","CNCDriver"
"31078526","LUAD","EIF4EBP2","promoter","46","1","computational prediction","CNCDriver"
"31078526","LUAD","EIF1","promoter","46","3","computational prediction","CNCDriver"
"31078526","LUAD","TMEM131","promoter","46","2","computational prediction","CNCDriver"
"31078526","LUSC","C6orf100","promoter","45","4","computational prediction","CNCDriver"
"31078526","LUSC","PDE3A","promoter","45","4","computational prediction","CNCDriver"
"31078526","LUSC","NLK","promoter","45","1","computational prediction","CNCDriver"
"31078526","LUSC","LRRTM4","promoter","45","10","computational prediction","CNCDriver"
"31078526","LUSC","NR5A2","promoter","45","4","computational prediction","CNCDriver"
"31078526","LUSC","ZNF804A","promoter","45","3","computational prediction","CNCDriver"
"31078526","LUSC","SLC6A15","promoter","45","3","computational prediction","CNCDriver"
"31078526","LUSC","BCL2L1","promoter","45","2","computational prediction","CNCDriver"
"31078526","PACA","EHF","promoter","201","5","computational prediction","CNCDriver"
"31078526","UCEC","IGSF9B","promoter","47","5","computational prediction","CNCDriver"
"31078526","UCEC","TAF10","promoter","47","2","computational prediction","CNCDriver"
"31078526","LIRI","CSMD1","promoter","244","4","computational prediction","CNCDriver"
"31078526","LIRI","DHX32","promoter","244","13","computational prediction","CNCDriver"
"31078526","ESAD","CEP170","promoter","119","16","computational prediction","CNCDriver"
"31078526","ESAD","PDHA2","promoter","119","9","computational prediction","CNCDriver"
"31078526","ESAD","CSMD3","promoter","119","20","computational prediction","CNCDriver"
"31078526","COAD","SP2","promoter","47","6","computational prediction","CNCDriver"
"31078526","COAD","VPS41","promoter","47","14","computational prediction","CNCDriver"
"31078526","COAD","PAX6","promoter","47","6","computational prediction","CNCDriver"
"31078526","COAD","TCTN3","promoter","47","9","computational prediction","CNCDriver"
"31078526","SKCM","ARL14EP","promoter","219","27","computational prediction","CNCDriver"
"31078526","SKCM","FRG1","promoter","219","24","computational prediction","CNCDriver"
"31078526","SKCM","HIST1H2AG","promoter","219","28","computational prediction","CNCDriver"
"31078526","SKCM","RP11-159G9.5","promoter","219","22","computational prediction","CNCDriver"
"31078526","SKCM","RPS20","promoter","219","39","computational prediction","CNCDriver"
"31078526","SKCM","TERT","promoter","219","78","computational prediction","CNCDriver"
"35389777","RECA","TERT","promoter","264","15","computational prediction","custom statistic test (test1, test3)"
"35389777","BLCA","PIK3C2B","promoter","111","20","computational prediction","custom statistic test (test1)"
"35389777","BLCA","CDCA4 ","promoter","111","12","computational prediction","custom statistic test (test1)"
"32025015","Adenocarcinoma","TERT","promoter","1631","31","computational prediction","intergating multiple algorithms and filtering (PCAWG)"
"32025015","Bladder-TCC","TERT","promoter","23","15","computational prediction","intergating multiple algorithms and filtering (PCAWG)"
"32025015","CNS-GBM","TERT","promoter","39","26","computational prediction","intergating multiple algorithms and filtering (PCAWG)"
"32025015","CNS-Medullo","TERT","promoter","141","5","computational prediction","intergating multiple algorithms and filtering (PCAWG)"
"32025015","CNS","TERT","promoter","287","42","computational prediction","intergating multiple algorithms and filtering (PCAWG)"
"32025015","Carcinoma","HES1","promoter","1856","12","computational prediction","intergating multiple algorithms and filtering (PCAWG)"
"32025015","Carcinoma","HIST1H2AM","promoter","1856","12","computational prediction","intergating multiple algorithms and filtering (PCAWG)"
"32025015","Carcinoma","TERT","promoter","1856","54","computational prediction","intergating multiple algorithms and filtering (PCAWG)"
"32025015","Digestive tract","TERT","promoter","797","15","computational prediction","intergating multiple algorithms and filtering (PCAWG)"
"32025015","Digestive tract","WDR74","promoter","797","27","computational prediction","intergating multiple algorithms and filtering (PCAWG)"
"32025015","Eso-AdenoCa","SDCCAG8","promoter","97","7","computational prediction","intergating multiple algorithms and filtering (PCAWG)"
"32025015","Giloma","GALNTL5","promoter","146","3","computational prediction","intergating multiple algorithms and filtering (PCAWG)"
"32025015","Giloma","TERT","promoter","146","37","computational prediction","intergating multiple algorithms and filtering (PCAWG)"
"32025015","Head-SCC","TERT","promoter","56","7","computational prediction","intergating multiple algorithms and filtering (PCAWG)"
"32025015","Liver-HCC","IFI44L","promoter","314","8","computational prediction","intergating multiple algorithms and filtering (PCAWG)"
"32025015","Liver-HCC","TERT","promoter","314","12","computational prediction","intergating multiple algorithms and filtering (PCAWG)"
"32025015","Liver-HCC","WDR74","promoter","314","12","computational prediction","intergating multiple algorithms and filtering (PCAWG)"
"32025015","Lymphatic system","WDR74","promoter","197","19","computational prediction","intergating multiple algorithms and filtering (PCAWG)"
"32025015","Ovary-AdenoCA","POLR3E","promoter","110","5","computational prediction","intergating multiple algorithms and filtering (PCAWG)"
"32025015","Pancan-no-skin-melanoma-lymph","HES1","promoter","2693","12","computational prediction","intergating multiple algorithms and filtering (PCAWG)"
"32025015","Pancan-no-skin-melanoma-lymph","HIST1H2AM","promoter","2693","12","computational prediction","intergating multiple algorithms and filtering (PCAWG)"
"32025015","Pancan-no-skin-melanoma-lymph","TERT","promoter","2693","98","computational prediction","intergating multiple algorithms and filtering (PCAWG)"
"32025015","Skin-Melanoma","TERT","promoter","107","54","computational prediction","intergating multiple algorithms and filtering (PCAWG)"
"32025015","Skin-Melanoma","ZSWIM6","promoter","107","11","computational prediction","intergating multiple algorithms and filtering (PCAWG)"
"32025015","Squamous","TERT","promoter","121","8","computational prediction","intergating multiple algorithms and filtering (PCAWG)"
"32025015","Thy-AdenoCA","TERT","promoter","48","11","computational prediction","intergating multiple algorithms and filtering (PCAWG)"
"35389777","BLCA","BTG3 ","promoter","111","10","computational prediction","custom statistic test (test1)"
"35389777","LIRI","MED16 ","promoter","375","12","computational prediction","custom statistic test (test3)"
"30718927","ESAD","MTERFD1","promoter","379","","computational prediction","ActiveDriverWGS"
"30718927","ESAD","SDCCAG8","promoter","379","","computational prediction","ActiveDriverWGS"
"30718927","ESAD","HIST1H2BO","promoter","379","","computational prediction","ActiveDriverWGS"
"30718927","ESAD","HIST1H2AM","promoter","379","","computational prediction","ActiveDriverWGS"
"30718927","ESAD","RPGRIP1L","promoter","379","","computational prediction","ActiveDriverWGS"
"30718927","ESAD","PTDSS1","promoter","379","","computational prediction","ActiveDriverWGS"
"30718927","ESAD","WDR74","promoter","379","","computational prediction","ActiveDriverWGS"
"35389777","BRCA","STAG1 ","promoter","440","9","computational prediction","custom statistic test (test3)"
"30606723","MALY-DE","BTG2","promoter","80","10","computational prediction","custom statistic test (poisson binomial model)"
"30606723","MALY-DE","ARID5B","promoter","80","6","computational prediction","custom statistic test (poisson binomial model)"
"30606723","MALY-DE","BIRC3","promoter","80","6","computational prediction","custom statistic test (poisson binomial model)"
"30606723","MALY-DE","LRRC32","promoter","80","5","computational prediction","custom statistic test (poisson binomial model)"
"30606723","MALY-DE","METTL7A","promoter","80","5","computational prediction","custom statistic test (poisson binomial model)"
"30606723","MALY-DE","B2M","promoter","80","6","computational prediction","custom statistic test (poisson binomial model)"
"30606723","MALY-DE","IRF8","promoter","80","5","computational prediction","custom statistic test (poisson binomial model)"
"30606723","MALY-DE","MRPL12","promoter","80","5","computational prediction","custom statistic test (poisson binomial model)"
"30606723","MALY-DE","SPIB","promoter","80","4","computational prediction","custom statistic test (poisson binomial model)"
"30606723","MALY-DE","CXCR4","promoter","80","4","computational prediction","custom statistic test (poisson binomial model)"
"30606723","MALY-DE","POLDIP3","promoter","80","5","computational prediction","custom statistic test (poisson binomial model)"
"30606723","MALY-DE","ST6GAL1","promoter","80","5","computational prediction","custom statistic test (poisson binomial model)"
"30606723","MALY-DE","BCL6","promoter","80","3","computational prediction","custom statistic test (poisson binomial model)"
"30606723","MALY-DE","SGK1","promoter","80","3","computational prediction","custom statistic test (poisson binomial model)"
"30606723","MALY-DE","HIST1H2BB","promoter","80","3","computational prediction","custom statistic test (poisson binomial model)"
"30606723","MALY-DE","HIST1H2BJ","promoter","80","4","computational prediction","custom statistic test (poisson binomial model)"
"30606723","MALY-DE","ACTB","promoter","80","2","computational prediction","custom statistic test (poisson binomial model)"
"30606723","MALY-DE","BIRC3","promoter","37","6","computational prediction","custom statistic test (poisson binomial model)"
"30606723","MALY-DE","IRF8","promoter","37","3","computational prediction","custom statistic test (poisson binomial model)"
"30606723","MALY-DE","BCL6","promoter","37","3","computational prediction","custom statistic test (poisson binomial model)"
"30606723","MALY-DE","BLK","promoter","37","2","computational prediction","custom statistic test (poisson binomial model)"
"32632335","T-ALL ","PRLR","promoter","13","","computational prediction","cis-X"
"32632335","T-ALL ","TERT","promoter","13","","computational prediction","cis-X"
"35389777","BLCA","TERT","promoter","111","54","computational prediction","custom statistic test (test1, test2, test3)"
"35389777","GBM","TERT","promoter","337","70","computational prediction","custom statistic test (test1, test2, test3)"
"35389777","LIRI","TERT","promoter","375","29","computational prediction","custom statistic test (test1, test2, test3)"
"35389777","THCA","TERT","promoter","56","13","computational prediction","custom statistic test (test1, test2, test3)"
"35389777","CLLE","BACH2","promoter","98","7","computational prediction","custom statistic test (test1, test2)"
"35389777","CLLE","BTG2","promoter","98","5","computational prediction","custom statistic test (test1, test2)"
"35389777","CLLE","CXCR4 ","promoter","98","6","computational prediction","custom statistic test (test1, test2)"
"35389777","CLLE","BCL6 ","promoter","98","24","computational prediction","custom statistic test (test1, test2, test3)"
"35389777","CLLE","BCL7A","promoter","98","13","computational prediction","custom statistic test (test1, test2)"
"35389777","CLLE","IRF8 ","promoter","98","5","computational prediction","custom statistic test (test1, test2)"
"35389777","BLCA","FGFR2","promoter","111","7","computational prediction","custom statistic test (test1)"
"35389777","LUAD","FGFR2","promoter","223","13","computational prediction","custom statistic test (test3)"
"35389777","LUAD","B2M","promoter","223","8","computational prediction","custom statistic test (test3)"
"35389777","LUAD","KLF6 ","promoter","223","20","computational prediction","custom statistic test (test3)"
"35389777","LUAD","SRCAP","promoter","223","18","computational prediction","custom statistic test (test3)"
"35389777","BLCA","LEPROTL1","promoter","111","24","computational prediction","custom statistic test (test1, test2, test3)"
"35389777","BLCA","TBC1D12","promoter","111","17","computational prediction","custom statistic test (test1, test2, test3)"
"35389777","BLCA","TRIM27","promoter","111","32","computational prediction","custom statistic test (test1, test3)"
"35389777","BLCA","HAUS1","promoter","111","10","computational prediction","custom statistic test (test1, test3)"
"35389777","BLCA","RABGEF1","promoter","111","8","computational prediction","custom statistic test (test3)"
"35389777","BLCA","FAM174B","promoter","111","12","computational prediction","custom statistic test (test1)"
"35389777","BLCA","ZNF184","promoter","112","15","computational prediction","custom statistic test (test3)"
"35389777","BLCA","DPP9","promoter","112","12","computational prediction","custom statistic test (test3)"
"35389777","BLCA","NEAT1","promoter","112","10","computational prediction","custom statistic test (test1)"
"35389777","BRCA","LEPROTL1","promoter","440","12","computational prediction","custom statistic test (test1, test3)"
"35389777","BRCA","CCDC107","promoter","440","15","computational prediction","custom statistic test (test1, test3)"
"35389777","BRCA","TBC1D12","promoter","440","12","computational prediction","custom statistic test (test1, test3)"
"35389777","BRCA","MALAT1","promoter","440","35","computational prediction","custom statistic test (test1, test2)"
"35389777","ESAD","PTDSS1","promoter","157","13","computational prediction","custom statistic test (test3)"
"35389777","ESAD","CEP170","promoter","160","16","computational prediction","custom statistic test (test1, test3)"
"35389777","RECA","NEAT1","promoter","264","32","computational prediction","custom statistic test (test1, test2, test3)"
"35389777","RECA","CCDC107","promoter","264","8","computational prediction","custom statistic test (test1, test3)"
"35389777","LUAD","SNAPC3","promoter","223","13","computational prediction","custom statistic test (test3)"
"35389777","OV","PCGF3","promoter","222","11","computational prediction","custom statistic test (test1, test3)"
"35389777","OV","ZNF692","promoter","222","15","computational prediction","custom statistic test (test3)"
"35389777","OV","ZFP36L2","promoter","222","19","computational prediction","custom statistic test (test1)"
"35389777","PACA","TMEM151A","promoter","302","2","computational prediction","custom statistic test (test1, test2)"
"35389777","PACA","HIST1H1B","promoter","302","9","computational prediction","custom statistic test (test1)"
"35389777","LIRI","NEAT1","promoter","375","83","computational prediction","custom statistic test (test1, test2, test3)"